Time,Day_of_week,Age_band_of_driver,Sex_of_driver,Educational_level,Vehicle_driver_relation,Driving_experience,Type_of_vehicle,Owner_of_vehicle,Defect_of_vehicle,Area_accident_occured,Lanes_or_Medians,Road_allignment,Types_of_Junction,Road_surface_type,Road_surface_conditions,Light_conditions,Weather_conditions,Type_of_collision,Number_of_vehicles_involved,Number_of_casualties,Vehicle_movement,Casualty_class,Sex_of_casualty,Age_band_of_casualty,Casualty_severity,Work_of_casuality,Fitness_of_casuality,Pedestrian_movement,Cause_of_accident
22:00:00,Saturday,31-50,Male,Junior high school,Employee,Above 10yr,Long lorry,Owner,No defect, Church areas,Two-way (divided with broken lines road marking),Tangent road with flat terrain,Y Shape,Asphalt roads,Dry,Daylight,Normal,Vehicle with vehicle collision,1,1,Going straight,Passenger,Female,18-30,3,Driver,Normal,Not a Pedestrian,No priority to vehicle
18:25:00,Thursday,18-30,Male,Elementary school,Employee,2-5yr,Automobile,Owner,No defect,Residential areas,Two-way (divided with broken lines road marking),Tangent road with flat terrain,No junction,Asphalt roads,Dry,Daylight,Other,Collision with roadside-parked vehicles,1,1,Getting off,na,na,na,na,Other,Normal,Not a Pedestrian,Driving to the left
17:21:00,Thursday,18-30,Male,Junior high school,Owner,5-10yr,Automobile,Owner,No defect,Residential areas,Two-way (divided with solid lines road marking),Tangent road with flat terrain,Y Shape,Asphalt roads,Dry,Daylight,Normal,Vehicle with vehicle collision,4,2,Going straight,Passenger,Female,Under 18,3,Driver,Normal,Not a Pedestrian,Changing lane to the right
8:50:00,Tuesday,31-50,Male,Junior high school,Employee,5-10yr,Public (12 seats),Owner,No defect, Industrial areas,Undivided Two way,Tangent road with mild grade and flat terrain,Y Shape,Asphalt roads,Dry,Daylight,Normal,Collision with pedestrians,2,1,Going straight,Driver or rider,Female,31-50,3,Other,Normal,Not a Pedestrian,Driving at high speed
21:36:00,Tuesday,18-30,Male,Elementary school,Employee,Above 10yr,Lorry (41?100Q),Owner,No defect,Office areas,Two-way (divided with broken lines road marking),Tangent road with flat terrain,No junction,Asphalt roads,Dry,Darkness - lights lit,Normal,Vehicle with vehicle collision,1,1,Going straight,Driver or rider,Male,Under 18,3,Driver,Normal,Not a Pedestrian,No distancing
19:40:00,Monday,31-50,Male,Elementary school,Employee,Below 1yr,Automobile,Owner,No defect,Residential areas,Two-way (divided with broken lines road marking),Tangent road with flat terrain,Crossing,Asphalt roads,Wet or damp,Darkness - no lighting,Normal,Vehicle with vehicle collision,2,3,Going straight,na,na,na,na,Self-employed,Normal,Not a Pedestrian,Driving carelessly
13:38:00,Friday,Over 51,Male,High school,Employee,5-10yr,Automobile,Owner,No defect,Other,other,Tangent road with flat terrain,No junction,Asphalt roads,Dry,Daylight,Normal,Vehicle with vehicle collision,1,1,Overtaking,na,na,na,na,Driver,Normal,Not a Pedestrian,Getting off the vehicle improperly
7:50:00,Friday,31-50,Male,Junior high school,Employee,Above 10yr,Automobile,Owner,No defect,Other,One way,Tangent road with flat terrain,No junction,Gravel roads,Wet or damp,Daylight,Snow,Vehicle with vehicle collision,2,1,Going straight,Passenger,Female,Under 18,3,Driver,Normal,Not a Pedestrian,No priority to vehicle
15:20:00,Tuesday,Unknown,Male,Junior high school,Employee,2-5yr,Automobile,Owner,No defect,Office areas,Two-way (divided with broken lines road marking),Tangent road with flat terrain,No junction,Asphalt roads,Dry,Daylight,Normal,Vehicle with vehicle collision,2,1,Going straight,na,na,na,na,Driver,Normal,Not a Pedestrian,No distancing
17:43:00,Friday,Over 51,Male,Junior high school,Employee,5-10yr,Automobile,Owner,No defect,Office areas,Undivided Two way,Tangent road with flat terrain,No junction,Asphalt roads,Wet or damp,Darkness - lights lit,Raining,Vehicle with vehicle collision,2,1,Going straight,na,na,na,na,Driver,Normal,Not a Pedestrian,Getting off the vehicle improperly
8:50:00,Wednesday,Over 51,Male,Junior high school,Employee,1-2yr,Other,Owner,No defect,Other,Undivided Two way,Tangent road with flat terrain,Y Shape,Asphalt roads,Dry,Daylight,Normal,Other,2,1,Moving Backward,Driver or rider,Female,18-30,3,Driver,Normal,Not a Pedestrian,Driving carelessly
11:30:00,Thursday,18-30,Male,Junior high school,Employee,No Licence,Lorry (41?100Q),Owner,No defect,Other,One way,Tangent road with flat terrain,Y Shape,Asphalt roads,Dry,Darkness - lights lit,Normal,Vehicle with vehicle collision,2,3,Entering a junction,na,na,na,na,Driver,Normal,Not a Pedestrian,Driving under the influence of drugs
21:35:00,Saturday,18-30,Male,Elementary school,Employee,5-10yr,Public (13?45 seats),Owner,No defect,Office areas,Undivided Two way,Tangent road with flat terrain,No junction,Asphalt roads,Dry,Darkness - lights lit,Other,Collision with roadside objects,2,2,Going straight,Driver or rider,Male,Over 51,2,Self-employed,Normal,Not a Pedestrian,Moving Backward
19:38:00,Tuesday,Unknown,Male,High school,Employee,Below 1yr,Pick up upto 10Q,Owner,No defect,Office areas,Two-way (divided with broken lines road marking),Tangent road with flat terrain,No junction,Asphalt roads,Dry,Darkness - lights lit,Normal,Vehicle with vehicle collision,1,1,Going straight,Driver or rider,Male,Under 18,3,Employee,Normal,Not a Pedestrian,No distancing
10:02:00,Thursday,18-30,Male,Junior high school,Owner,Above 10yr,Pick up upto 10Q,Governmental,No defect,Residential areas,Two-way (divided with broken lines road marking),Tangent road with flat terrain,Y Shape,Asphalt roads,Dry,Daylight,Normal,Vehicle with vehicle collision,2,1,Other,Pedestrian,Male,18-30,3,Driver,Normal,Unknown or other,Changing lane to the left
7:55:00,Wednesday,Unknown,Female,Junior high school,Employee,1-2yr,Lorry (41?100Q),Owner,No defect,Other,Two-way (divided with broken lines road marking),Tangent road with flat terrain,No junction,Asphalt roads,Dry,Daylight,Normal,Vehicle with vehicle collision,2,1,Going straight,na,na,na,na,Driver,Normal,Not a Pedestrian,Changing lane to the left
18:30:00,Wednesday,Under 18,Male,Writing & reading,Employee,Below 1yr,Public (12 seats),Owner,No defect,Other,Two-way (divided with broken lines road marking),Tangent road with flat terrain,No junction,Asphalt roads,Dry,Daylight,Normal,Collision with roadside objects,3,1,Getting off,na,na,na,na,Student,Normal,Not a Pedestrian,Overtaking
17:15:00,Tuesday,18-30,Male,High school,Employee,No Licence,Lorry (41?100Q),Owner,No defect,Office areas,Two-way (divided with broken lines road marking),Tangent road with flat terrain,Y Shape,Gravel roads,Dry,Daylight,Normal,Rollover,2,1,Reversing,Driver or rider,Male,31-50,3,Driver,Normal,Not a Pedestrian,Changing lane to the right
19:55:00,Monday,18-30,Male,Junior high school,Employee,Below 1yr,Other,Owner,No defect,Residential areas,One way,Tangent road with flat terrain,Y Shape,Asphalt roads,Dry,Daylight,Normal,Vehicle with vehicle collision,2,2,Getting off,na,na,na,na,Employee,Normal,Not a Pedestrian,Moving Backward
17:37:00,Monday,31-50,Unknown,Junior high school,Employee,5-10yr,Automobile,Owner,No defect,Other,Undivided Two way,Tangent road with flat terrain,Crossing,Asphalt roads,Wet or damp,Daylight,Normal,Vehicle with vehicle collision,2,2,Going straight,Pedestrian,Female,Over 51,2,Employee,Normal,Unknown or other,No priority to pedestrian
12:25:00,Thursday,31-50,Male,Junior high school,Employee,5-10yr,Special vehicle,Owner,No defect,Office areas,Two-way (divided with broken lines road marking),Tangent road with flat terrain,Y Shape,Asphalt roads,Dry,Daylight,Normal,Vehicle with vehicle collision,2,1,Turnover,Driver or rider,Male,31-50,3,Driver,Normal,Not a Pedestrian,No priority to pedestrian
8:43:00,Wednesday,31-50,Female,Junior high school,Employee,5-10yr,Lorry (41?100Q),Owner,No defect, Church areas,Double carriageway (median),Tangent road with flat terrain,Y Shape,Asphalt roads,Wet or damp,Daylight,Raining,Collision with roadside objects,2,1,Turnover,Driver or rider,Male,18-30,3,Driver,Normal,Not a Pedestrian,Changing lane to the left
16:55:00,Friday,31-50,Male,Junior high school,Employee,5-10yr,Other,Owner,No defect, Church areas,other,Tangent road with flat terrain,No junction,Asphalt roads,Dry,Daylight,Normal,Vehicle with vehicle collision,3,3,Going straight,Passenger,Female,18-30,3,Employee,Normal,Not a Pedestrian,No distancing
19:00:00,Friday,18-30,Male,Junior high school,Employee,5-10yr,Automobile,Owner,No defect,Residential areas,Two-way (divided with broken lines road marking),Tangent road with flat terrain,No junction,Asphalt roads,Dry,Daylight,Normal,Vehicle with vehicle collision,3,1,Going straight,Driver or rider,Female,18-30,3,Driver,Normal,Not a Pedestrian,Changing lane to the right
0:30:00,Saturday,31-50,Male,Elementary school,Employee,1-2yr,Pick up upto 10Q,Owner,No defect,Office areas,Two-way (divided with broken lines road marking),Tangent road with flat terrain,No junction,Asphalt roads,Dry,Darkness - lights lit,Normal,Collision with roadside objects,2,2,Going straight,na,na,na,na,Driver,Normal,Not a Pedestrian,No priority to vehicle
8:54:00,Thursday,18-30,Male,Junior high school,Employee,1-2yr,Public (> 45 seats),Governmental,No defect,Residential areas,other,Tangent road with flat terrain,Crossing,Asphalt roads,Dry,Daylight,Normal,Vehicle with vehicle collision,1,1,Moving Backward,Driver or rider,Male,Over 51,3,Employee,Normal,Not a Pedestrian,Changing lane to the left
22:25:00,Friday,31-50,Male,Elementary school,Employee,5-10yr,Automobile,Owner,No defect,Office areas,Undivided Two way,Tangent road with flat terrain,Y Shape,Asphalt roads,Wet or damp,Darkness - lights lit,Raining,Vehicle with vehicle collision,2,4,Moving Backward,na,na,na,na,Self-employed,Normal,Not a Pedestrian,No priority to vehicle
11:00:00,Thursday,31-50,Male,Elementary school,Employee,Above 10yr,Automobile,Owner,No defect,Other,Undivided Two way,Tangent road with flat terrain,No junction,Asphalt roads,Wet or damp,Daylight,Normal,Vehicle with vehicle collision,2,1,Reversing,Pedestrian,Male,18-30,3,Driver,Normal,Not a Pedestrian,No priority to vehicle
14:00:00,Sunday,31-50,Male,Junior high school,Employee,5-10yr,Lorry (41?100Q),Owner,No defect,Other,Two-way (divided with broken lines road marking),Tangent road with flat terrain,Unknown,Asphalt roads,Dry,Daylight,Normal,Vehicle with vehicle collision,3,2,Going straight,Pedestrian,Female,Over 51,2,Driver,Normal,Not a Pedestrian,No priority to vehicle
12:00:00,Saturday,Over 51,Male,Junior high school,Employee,5-10yr,Lorry (41?100Q),Governmental,No defect,Residential areas,Two-way (divided with broken lines road marking),Tangent road with flat terrain,Crossing,Asphalt roads,Wet or damp,Daylight,Raining,Vehicle with vehicle collision,2,3,Going straight,Pedestrian,Male,18-30,3,Driver,Normal,Crossing from driver's nearside,Overturning
19:00:00,Monday,31-50,Male,Junior high school,Employee,2-5yr,Taxi,Governmental,No defect, Church areas,Double carriageway (median),Tangent road with flat terrain,No junction,Asphalt roads,Dry,Daylight,Normal,Vehicle with vehicle collision,2,1,Going straight,Pedestrian,Male,18-30,3,Other,Normal,Unknown or other,No distancing
11:10:00,Sunday,Under 18,Male,Junior high school,Owner,Below 1yr,Long lorry,Owner,No defect, Church areas,Two-way (divided with solid lines road marking),Tangent road with flat terrain,Y Shape,Asphalt roads,Dry,Daylight,Normal,Other,2,4,Going straight,na,na,na,na,Other,Normal,Not a Pedestrian,No distancing
22:00:00,Saturday,31-50,Male,Junior high school,Employee,5-10yr,Other,Owner,No defect,Office areas,Two-way (divided with broken lines road marking),Tangent road with flat terrain,No junction,Asphalt roads,Wet or damp,Darkness - lights lit,Windy,Vehicle with vehicle collision,1,1,Other,Driver or rider,Female,18-30,3,Driver,Normal,Not a Pedestrian,No distancing
22:30:00,Sunday,Over 51,Male,Junior high school,Employee,5-10yr,Public (12 seats),Owner,No defect,Office areas,One way,Tangent road with flat terrain,Y Shape,Asphalt roads,Dry,Daylight,Normal,Vehicle with vehicle collision,3,1,Going straight,na,na,na,na,Driver,Normal,Not a Pedestrian,No distancing
14:04:00,Thursday,18-30,Male,Junior high school,Employee,1-2yr,Public (12 seats),Owner,No defect,Office areas,Undivided Two way,Tangent road with flat terrain,Y Shape,Asphalt roads,Dry,Daylight,Normal,Vehicle with vehicle collision,3,4,Going straight,na,na,na,na,Driver,Normal,Not a Pedestrian,No distancing
17:10:00,Tuesday,31-50,Male,Junior high school,Employee,Above 10yr,Lorry (41?100Q),Governmental,No defect,  Market areas,Undivided Two way,Tangent road with flat terrain,Y Shape,Asphalt roads,Wet or damp,Darkness - lights lit,Normal,Vehicle with vehicle collision,2,2,Going straight,Passenger,Female,18-30,2,Driver,Normal,Not a Pedestrian,Driving to the left
16:41:00,Tuesday,Unknown,Male,High school,Owner,5-10yr,Public (> 45 seats),Owner,No defect,Other,Two-way (divided with broken lines road marking),Tangent road with flat terrain,Y Shape,Asphalt roads,Dry,Daylight,Normal,Collision with roadside objects,2,1,Going straight,Pedestrian,Female,31-50,3,Driver,Normal,Not a Pedestrian,Changing lane to the right
14:40:00,Saturday,Unknown,Male,Junior high school,Employee,Below 1yr,Stationwagen,Owner,No defect,Office areas,Undivided Two way,Tangent road with flat terrain,Y Shape,Asphalt roads,Dry,Daylight,Normal,Vehicle with vehicle collision,3,1,Turnover,Passenger,Male,31-50,3,Driver,Normal,Not a Pedestrian,Driving carelessly
14:57:00,Friday,31-50,Male,Junior high school,Employee,5-10yr,Automobile,Owner,No defect, Church areas,other,Tangent road with flat terrain,No junction,Asphalt roads,Dry,Daylight,Normal,Collision with pedestrians,2,1,Going straight,Driver or rider,Male,31-50,3,Driver,Blind,Not a Pedestrian,Moving Backward
6:21:00,Friday,Over 51,Male,Junior high school,Employee,2-5yr,Lorry (11?40Q),Owner,No defect, Church areas,Undivided Two way,Tangent road with flat terrain,No junction,Asphalt roads,Wet or damp,Darkness - lights lit,Normal,Vehicle with vehicle collision,2,1,Going straight,na,na,na,na,Driver,Normal,Not a Pedestrian,Driving carelessly
21:00:00,Wednesday,31-50,Unknown,Elementary school,Employee,1-2yr,Automobile,Owner,No defect,Other,Two-way (divided with broken lines road marking),Tangent road with flat terrain,Y Shape,Asphalt roads,Dry,Darkness - lights lit,Normal,Collision with roadside objects,2,1,Going straight,Driver or rider,Male,31-50,3,Driver,Normal,Not a Pedestrian,Unknown
19:50:00,Wednesday,18-30,Male,Junior high school,Owner,Below 1yr,Stationwagen,Owner,No defect,Residential areas,Undivided Two way,Tangent road with flat terrain,Crossing,Asphalt roads,Dry,Darkness - lights lit,Normal,Vehicle with vehicle collision,2,1,Going straight,Pedestrian,Female,Under 18,3,Driver,Normal,Crossing from offside - masked by  parked or statioNot a Pedestrianry vehicle,Changing lane to the right
15:55:00,Saturday,18-30,Male,Junior high school,Employee,2-5yr,Stationwagen,Owner,No defect,Other,Undivided Two way,Tangent road with mild grade and flat terrain,Crossing,Asphalt roads,Dry,Daylight,Normal,Collision with roadside objects,2,1,Other,na,na,na,na,Driver,Normal,Not a Pedestrian,Moving Backward
0:21:00,Saturday,Over 51,Male,Elementary school,Employee,5-10yr,Automobile,Owner,No defect,Office areas,Double carriageway (median),Tangent road with flat terrain,Crossing,Asphalt roads,Wet or damp,Darkness - lights lit,Raining,Vehicle with vehicle collision,1,1,Moving Backward,na,na,na,na,Driver,Normal,Not a Pedestrian,Changing lane to the left
16:56:00,Wednesday,18-30,Male,Junior high school,Employee,5-10yr,Automobile,Owner,No defect,Other,Two-way (divided with broken lines road marking),Tangent road with flat terrain,Y Shape,Asphalt roads,Dry,Daylight,Normal,Vehicle with vehicle collision,2,1,Getting off,Driver or rider,Male,18-30,3,Driver,Normal,Not a Pedestrian,No distancing
10:37:00,Tuesday,31-50,Male,Junior high school,Employee,Above 10yr,Lorry (41?100Q),Owner,No defect,Other,One way,Tangent road with flat terrain,Y Shape,Asphalt roads,Dry,Daylight,Normal,Vehicle with vehicle collision,2,2,U-Turn,na,na,na,na,Driver,Normal,Not a Pedestrian,Getting off the vehicle improperly
20:35:00,Monday,18-30,Male,Junior high school,Employee,Below 1yr,Lorry (41?100Q),Owner,No defect,Office areas,Two-way (divided with broken lines road marking),Tangent road with flat terrain,Y Shape,Asphalt roads,Wet or damp,Darkness - lights lit,Raining,Vehicle with vehicle collision,2,1,Going straight,na,na,na,na,Driver,Normal,Not a Pedestrian,Driving to the left
18:09:00,Thursday,31-50,Male,Junior high school,Employee,1-2yr,Automobile,Owner,No defect,Other,Two-way (divided with broken lines road marking),Tangent road with flat terrain,No junction,Asphalt roads,Dry,Daylight,Normal,Vehicle with vehicle collision,1,1,Going straight,Passenger,Female,Over 51,3,Driver,Normal,Not a Pedestrian,No distancing
15:30:00,Friday,18-30,Male,Junior high school,Employee,5-10yr,Automobile,Owner,No defect,Office areas,Two-way (divided with broken lines road marking),Tangent road with flat terrain,No junction,Asphalt roads,Dry,Daylight,Normal,Collision with pedestrians,1,2,Going straight,Pedestrian,Female,Under 18,2,Driver,Normal,Crossing from driver's nearside,No priority to vehicle
15:29:00,Monday,31-50,Male,Junior high school,Employee,Above 10yr,Lorry (41?100Q),Owner,No defect,Residential areas,Double carriageway (median),Tangent road with flat terrain,Crossing,Asphalt roads,Dry,Daylight,Normal,Collision with roadside objects,2,4,Going straight,Driver or rider,Female,31-50,3,Other,Normal,Not a Pedestrian,Other
8:39:00,Monday,18-30,Male,Unknown,Employee,Below 1yr,Stationwagen,Owner,No defect,Other,Two-way (divided with broken lines road marking),Tangent road with flat terrain,Y Shape,Asphalt roads,Dry,Daylight,Normal,Vehicle with vehicle collision,1,1,Other,Driver or rider,Male,Under 18,3,Driver,Normal,Not a Pedestrian,Other
20:16:00,Wednesday,31-50,Unknown,Junior high school,Employee,1-2yr,Automobile,Governmental,No defect,Other,other,Tangent road with flat terrain,Crossing,Asphalt roads,Dry,Darkness - lights lit,Normal,Vehicle with vehicle collision,1,1,Turnover,Driver or rider,Female,31-50,3,Driver,Normal,Not a Pedestrian,No distancing
9:40:00,Sunday,18-30,Male,Junior high school,Employee,5-10yr,Automobile,Owner,No defect,Other,other,Tangent road with flat terrain,No junction,Asphalt roads,Dry,Daylight,Normal,Vehicle with vehicle collision,3,1,Going straight,Driver or rider,Male,31-50,3,Self-employed,Normal,Not a Pedestrian,Changing lane to the right
16:49:00,Thursday,18-30,Male,Elementary school,Owner,5-10yr,Lorry (41?100Q),Owner,No defect,Office areas,Two-way (divided with broken lines road marking),Tangent road with flat terrain,No junction,Asphalt roads,Dry,Daylight,Normal,Vehicle with vehicle collision,1,1,Going straight,Passenger,Female,18-30,3,Driver,Normal,Not a Pedestrian,No priority to pedestrian
14:30:00,Wednesday,Over 51,Male,Elementary school,Owner,Below 1yr,Bicycle,Owner,No defect, Industrial areas,Undivided Two way,Tangent road with flat terrain,No junction,Asphalt roads,Dry,Daylight,Normal,Collision with pedestrians,2,2,Going straight,Driver or rider,Male,18-30,3,Other,Normal,Not a Pedestrian,Changing lane to the left
10:30:00,Monday,31-50,Male,Elementary school,Owner,Above 10yr,Lorry (11?40Q),Owner,No defect,School areas,Undivided Two way,Tangent road with flat terrain,Y Shape,Asphalt roads,Dry,Daylight,Normal,Vehicle with vehicle collision,2,1,Going straight,na,na,na,na,Self-employed,Normal,Not a Pedestrian,No distancing
12:40:00,Thursday,Unknown,Male,Junior high school,Owner,5-10yr,Lorry (11?40Q),Owner,No defect,Other,One way,Tangent road with flat terrain,Y Shape,Asphalt roads,Dry,Daylight,Normal,Rollover,1,1,Going straight,na,na,na,na,Driver,Normal,Not a Pedestrian,Moving Backward
10:20:00,Tuesday,18-30,Male,Elementary school,Employee,2-5yr,Motorcycle,Owner,No defect,Residential areas,Double carriageway (median),Tangent road with flat terrain,No junction,Asphalt roads,Dry,Daylight,Normal,Vehicle with vehicle collision,2,1,Going straight,Passenger,Female,18-30,3,Driver,Normal,Not a Pedestrian,No priority to vehicle
17:30:00,Sunday,18-30,Male,Junior high school,Employee,1-2yr,Automobile,Owner,No defect,Office areas,One way,Tangent road with flat terrain,Y Shape,Asphalt roads,Dry,Daylight,Normal,Vehicle with vehicle collision,2,2,Other,na,na,na,na,Driver,Normal,Not a Pedestrian,No priority to vehicle
7:40:00,Thursday,18-30,Unknown,Junior high school,Employee,Above 10yr,Lorry (41?100Q),Owner,No defect,Other,Undivided Two way,Tangent road with flat terrain,Crossing,Asphalt roads,Wet or damp,Daylight,Normal,Collision with roadside objects,2,1,Going straight,Pedestrian,Female,31-50,3,Driver,Normal,Not a Pedestrian,Moving Backward
9:00:00,Thursday,18-30,Male,Junior high school,Employee,5-10yr,Long lorry,Owner,No defect,Other,Two-way (divided with broken lines road marking),Tangent road with flat terrain,Y Shape,Asphalt roads,Dry,Daylight,Normal,Collision with roadside objects,2,1,Moving Backward,Pedestrian,Male,18-30,3,Self-employed,Normal,Crossing from offside - masked by  parked or statioNot a Pedestrianry vehicle,Changing lane to the left
23:25:00,Wednesday,Over 51,Male,Elementary school,Owner,2-5yr,Automobile,Owner,No defect,Office areas,Two-way (divided with broken lines road marking),Tangent road with flat terrain,Crossing,Earth roads,Dry,Darkness - lights lit,Normal,Fall from vehicles,2,3,Going straight,Driver or rider,Male,Under 18,3,Driver,Normal,Not a Pedestrian,No distancing
19:50:00,Wednesday,31-50,Male,Junior high school,Employee,5-10yr,Automobile,Owner,No defect,Office areas,other,Tangent road with flat terrain,Crossing,Asphalt roads,Dry,Darkness - lights lit,Normal,Vehicle with vehicle collision,2,1,Going straight,Pedestrian,Male,Over 51,3,Self-employed,Normal,Not a Pedestrian,Changing lane to the left
23:25:00,Saturday,18-30,Male,Junior high school,Employee,Above 10yr,Automobile,Owner,No defect,Residential areas,other,Steep grade downward with mountainous terrain,Y Shape,Gravel roads,Dry,Darkness - lights lit,Normal,Vehicle with vehicle collision,2,1,Going straight,Driver or rider,Male,31-50,3,Driver,Normal,Not a Pedestrian,Driving to the left
20:25:00,Tuesday,18-30,Male,Junior high school,Employee,5-10yr,Automobile,Owner,No defect, Church areas,other,Tangent road with flat terrain,Crossing,Asphalt roads,Dry,Daylight,Normal,Vehicle with vehicle collision,2,3,Going straight,na,na,na,na,Driver,Normal,Not a Pedestrian,Changing lane to the left
2:10:00,Sunday,18-30,Male,Junior high school,Employee,2-5yr,Special vehicle,Owner,No defect, Church areas,Two-way (divided with broken lines road marking),Tangent road with flat terrain,Y Shape,Asphalt roads,Dry,Darkness - lights lit,Normal,Vehicle with vehicle collision,2,1,Getting off,Driver or rider,Male,18-30,3,Driver,Normal,Not a Pedestrian,Overtaking
16:00:00,Tuesday,Over 51,Male,Elementary school,Owner,5-10yr,Public (13?45 seats),Owner,No defect,Office areas,Undivided Two way,Tangent road with flat terrain,Unknown,Asphalt roads,Dry,Daylight,Normal,Collision with roadside objects,2,2,Reversing,Driver or rider,Male,18-30,3,Driver,Normal,Not a Pedestrian,Moving Backward
12:36:00,Tuesday,Over 51,Male,Junior high school,Owner,5-10yr,Stationwagen,Owner,No defect,Residential areas,One way,Tangent road with flat terrain,Crossing,Asphalt roads,Wet or damp,Daylight,Raining,Vehicle with vehicle collision,2,1,Going straight,Driver or rider,Male,18-30,3,Self-employed,Normal,Not a Pedestrian,Changing lane to the left
17:15:00,Tuesday,Over 51,Male,Junior high school,Employee,2-5yr,Automobile,Owner,No defect,School areas,Undivided Two way,Tangent road with flat terrain,Y Shape,Asphalt roads,Dry,Daylight,Normal,Vehicle with vehicle collision,1,1,Going straight,na,na,na,na,Driver,Normal,Not a Pedestrian,Changing lane to the right
11:45:00,Saturday,Over 51,Male,Junior high school,Employee,1-2yr,Automobile,Owner,No defect,Office areas,Undivided Two way,Tangent road with flat terrain,Y Shape,Asphalt roads,Dry,Daylight,Normal,Collision with roadside objects,2,1,Going straight,Pedestrian,Female,18-30,2,Self-employed,Normal,Not a Pedestrian,Changing lane to the left
16:00:00,Friday,18-30,Male,Illiterate,Owner,1-2yr,Other,Owner,No defect,Office areas,One way,Tangent road with flat terrain,Y Shape,Asphalt roads,Dry,Daylight,Normal,Vehicle with vehicle collision,2,1,Going straight,Pedestrian,Female,18-30,3,Driver,Normal,Not a Pedestrian,Driving carelessly
18:47:00,Friday,18-30,Male,Junior high school,Employee,Below 1yr,Public (13?45 seats),Owner,No defect, Church areas,Two-way (divided with broken lines road marking),Steep grade downward with mountainous terrain,Y Shape,Asphalt roads,Dry,Daylight,Normal,Vehicle with vehicle collision,2,1,Going straight,Pedestrian,Female,31-50,3,Driver,Normal,Crossing from nearside - masked by parked or statioNot a Pedestrianry vehicle,Driving carelessly
21:00:00,Saturday,18-30,Male,Elementary school,Employee,5-10yr,Automobile,Owner,No defect,Other,other,Steep grade downward with mountainous terrain,Y Shape,Asphalt roads,Dry,Daylight,Normal,Vehicle with vehicle collision,3,1,Going straight,na,na,na,na,Driver,Normal,Not a Pedestrian,No distancing
7:36:00,Thursday,18-30,Male,Elementary school,Employee,5-10yr,Lorry (41?100Q),Owner,No defect,Office areas,other,Tangent road with flat terrain,No junction,Asphalt roads,Dry,Daylight,Normal,Collision with pedestrians,2,2,Moving Backward,na,na,na,na,Self-employed,Normal,Not a Pedestrian,Changing lane to the left
19:00:00,Tuesday,Unknown,Male,Junior high school,Owner,2-5yr,Other,Owner,No defect,Office areas,Two-way (divided with broken lines road marking),Tangent road with flat terrain,Y Shape,Asphalt roads,Dry,Daylight,Normal,Vehicle with vehicle collision,2,1,Going straight,Driver or rider,Male,18-30,3,Employee,Normal,Not a Pedestrian,Driving carelessly
8:50:00,Friday,Under 18,Male,Junior high school,Employee,Above 10yr,Automobile,Owner,No defect,Other,Two-way (divided with broken lines road marking),Tangent road with flat terrain,Crossing,Asphalt roads,Dry,Darkness - lights lit,Normal,Vehicle with vehicle collision,1,1,Going straight,Driver or rider,Male,18-30,2,Driver,Normal,Not a Pedestrian,No distancing
10:05:00,Thursday,31-50,Male,Writing & reading,Employee,5-10yr,Lorry (41?100Q),Governmental,No defect,Other,Two-way (divided with broken lines road marking),Tangent road with flat terrain,Y Shape,Asphalt roads,Dry,Daylight,Normal,Collision with pedestrians,2,1,Going straight,Driver or rider,Male,18-30,3,Driver,Normal,Not a Pedestrian,Changing lane to the right
14:40:00,Saturday,18-30,Male,Junior high school,Employee,1-2yr,Public (> 45 seats),Owner,No defect,Other,Undivided Two way,Tangent road with flat terrain,Y Shape,Asphalt roads,Dry,Daylight,Normal,Vehicle with vehicle collision,3,1,Going straight,Driver or rider,Female,31-50,3,Driver,Normal,Not a Pedestrian,Changing lane to the right
15:05:00,Saturday,18-30,Male,Elementary school,Employee,Below 1yr,Public (> 45 seats),Owner,No defect, Industrial areas,Undivided Two way,Tangent road with flat terrain,Y Shape,Asphalt roads,Wet or damp,Daylight,Normal,Vehicle with vehicle collision,1,1,Entering a junction,Driver or rider,Male,31-50,3,Driver,Normal,Not a Pedestrian,Changing lane to the right
18:30:00,Monday,18-30,Male,Junior high school,Employee,No Licence,Automobile,Owner,No defect,Office areas,other,Tangent road with mountainous terrain and,Y Shape,Asphalt roads,Wet or damp,Darkness - lights lit,Raining,Vehicle with vehicle collision,2,1,Going straight,Driver or rider,Male,31-50,3,Driver,Normal,Not a Pedestrian,Moving Backward
18:20:00,Wednesday,Under 18,Male,Elementary school,Employee,1-2yr,Lorry (11?40Q),Owner,No defect,Unknown,other,Tangent road with flat terrain,Y Shape,Asphalt roads,Dry,Daylight,Normal,Collision with roadside objects,2,1,Moving Backward,na,na,na,na,Driver,Normal,Not a Pedestrian,Driving carelessly
15:00:00,Sunday,Over 51,Male,Junior high school,Employee,2-5yr,Pick up upto 10Q,Owner,No defect,Office areas,Undivided Two way,Tangent road with flat terrain,Y Shape,Gravel roads,Dry,Daylight,Normal,Collision with pedestrians,1,1,Going straight,Pedestrian,Female,31-50,3,Driver,Other,Crossing from nearside - masked by parked or statioNot a Pedestrianry vehicle,Changing lane to the left