Time,Day_of_week,Age_band_of_driver,Sex_of_driver,Educational_level,Vehicle_driver_relation,Driving_experience,Type_of_vehicle,Owner_of_vehicle,Defect_of_vehicle,Area_accident_occured,Lanes_or_Medians,Road_allignment,Types_of_Junction,Road_surface_type,Road_surface_conditions,Light_conditions,Weather_conditions,Type_of_collision,Number_of_vehicles_involved,Number_of_casualties,Vehicle_movement,Casualty_class,Sex_of_casualty,Age_band_of_casualty,Casualty_severity,Work_of_casuality,Fitness_of_casuality,Pedestrian_movement,Cause_of_accident
9:50:00,Friday,Over 51,Male,Junior high school,Employee,2-5yr,Automobile,Governmental,No defect,Other,Double carriageway (median),Tangent road with flat terrain,Y Shape,Asphalt roads,Wet or damp,Daylight,Raining,Collision with roadside objects,2,2,Going straight,Driver or rider,Male,18-30,3,Driver,Normal,Not a Pedestrian,No distancing
21:00:00,Monday,Unknown,Female,Elementary school,Owner,5-10yr,Automobile,Owner,No defect,Office areas,Undivided Two way,Tangent road with mountainous terrain and,Crossing,Asphalt roads,Dry,Darkness - lights lit,Normal,Vehicle with vehicle collision,2,1,Going straight,na,na,na,na,Driver,Normal,Not a Pedestrian,No priority to pedestrian
19:42:00,Tuesday,Under 18,Male,Above high school,Employee,5-10yr,Public (13?45 seats),Owner,No defect,Office areas,Two-way (divided with broken lines road marking),Tangent road with mountainous terrain and,Crossing,Asphalt roads,Wet or damp,Darkness - lights lit,Normal,Collision with pedestrians,2,1,Going straight,Passenger,Male,5,3,Driver,Normal,Not a Pedestrian,Other
14:28:00,Tuesday,Over 51,Male,Junior high school,Owner,2-5yr,Lorry (41?100Q),Owner,No defect, Church areas,Undivided Two way,Tangent road with flat terrain,Crossing,Asphalt roads,Dry,Daylight,Normal,Vehicle with vehicle collision,1,1,Going straight,na,na,na,na,Driver,Normal,Not a Pedestrian,Driving to the left
7:10:00,Friday,18-30,Male,Junior high school,Employee,2-5yr,Automobile,Owner,No defect, Church areas,One way,Tangent road with flat terrain,Y Shape,Gravel roads,Dry,Darkness - lights lit,Normal,Vehicle with vehicle collision,2,1,Going straight,na,na,na,na,Driver,Normal,Not a Pedestrian,Moving Backward
8:01:00,Thursday,31-50,Male,Elementary school,Employee,Above 10yr,Automobile,Owner,No defect,Other,Undivided Two way,Tangent road with flat terrain,No junction,Asphalt roads,Dry,Daylight,Normal,Vehicle with vehicle collision,2,1,Going straight,na,na,na,na,Driver,Normal,Not a Pedestrian,Overtaking
17:41:00,Monday,31-50,Male,Junior high school,Employee,5-10yr,Other,Owner,No defect,Other,other,Tangent road with flat terrain,Y Shape,Asphalt roads,Dry,Daylight,Other,Vehicle with vehicle collision,2,1,Going straight,na,na,na,na,Driver,Normal,Not a Pedestrian,No distancing
17:06:00,Tuesday,18-30,Male,Writing & reading,Employee,Below 1yr,Pick up upto 10Q,Owner,No defect,Office areas,Undivided Two way,Tangent road with flat terrain,Y Shape,Asphalt roads,Dry,Daylight,Normal,Collision with pedestrians,2,1,Getting off,na,na,na,na,Driver,Normal,Not a Pedestrian,Driving under the influence of drugs
10:20:00,Friday,18-30,Male,Junior high school,Employee,5-10yr,Automobile,Owner,No defect,  Recreational areas,Undivided Two way,Tangent road with flat terrain,Crossing,Asphalt roads,Dry,Daylight,Normal,Vehicle with vehicle collision,3,1,Moving Backward,Driver or rider,Male,31-50,3,Driver,Normal,Not a Pedestrian,Driving under the influence of drugs
19:45:00,Saturday,Under 18,Male,Junior high school,Employee,2-5yr,Other,Owner,No defect,Office areas,Undivided Two way,Tangent road with flat terrain,Y Shape,Asphalt roads,Wet or damp,Daylight,Windy,Rollover,3,4,Going straight,Driver or rider,Male,Over 51,3,Driver,Normal,Not a Pedestrian,Changing lane to the left
13:20:00,Thursday,Unknown,Male,High school,Owner,5-10yr,Lorry (41?100Q),Owner,No defect,Residential areas,Undivided Two way,Tangent road with flat terrain,Crossing,Asphalt roads,Dry,Daylight,Normal,Vehicle with vehicle collision,1,1,Going straight,na,na,na,na,Other,Normal,Not a Pedestrian,Changing lane to the left
8:25:00,Thursday,31-50,Male,Elementary school,Other,5-10yr,Automobile,Owner,No defect, Hospital areas,Undivided Two way,Tangent road with flat terrain,No junction,Asphalt roads,Dry,Daylight,Normal,Vehicle with vehicle collision,2,1,Going straight,na,na,na,na,Driver,Normal,Not a Pedestrian,No priority to pedestrian
21:10:00,Monday,18-30,Male,Elementary school,Employee,5-10yr,Lorry (41?100Q),Owner,No defect,Office areas,One way,Tangent road with flat terrain,Crossing,Asphalt roads,Wet or damp,Darkness - lights lit,Normal,Vehicle with vehicle collision,2,3,Waiting to go,Passenger,Female,31-50,3,Driver,Normal,Not a Pedestrian,Moving Backward
8:38:00,Thursday,31-50,Male,Junior high school,Employee,2-5yr,Automobile,Owner,No defect,Other,Two-way (divided with broken lines road marking),Tangent road with flat terrain,No junction,Asphalt roads,Dry,Daylight,Normal,Vehicle with vehicle collision,2,1,Moving Backward,Pedestrian,Male,18-30,3,Self-employed,Normal,Not a Pedestrian,Overtaking
8:25:00,Thursday,18-30,Male,Junior high school,Employee,Above 10yr,Lorry (41?100Q),Owner,No defect,Office areas,Double carriageway (median),Tangent road with flat terrain,Crossing,Asphalt roads,Dry,Daylight,Normal,Vehicle with vehicle collision,2,1,Getting off,Passenger,Female,31-50,3,Employee,Normal,Not a Pedestrian,Overtaking
10:12:00,Tuesday,18-30,Male,Elementary school,Owner,5-10yr,Automobile,Owner,No defect,Residential areas,Undivided Two way,Tangent road with flat terrain,Crossing,Asphalt roads,Dry,Daylight,Normal,Vehicle with vehicle collision,1,1,Going straight,Driver or rider,Male,31-50,3,Driver,Normal,Not a Pedestrian,Changing lane to the right
6:41:00,Thursday,18-30,Male,Junior high school,Employee,5-10yr,Public (> 45 seats),Owner,No defect,Office areas,Undivided Two way,Tangent road with flat terrain,No junction,Asphalt roads,Dry,Daylight,Normal,Vehicle with vehicle collision,2,3,Going straight,Driver or rider,Male,31-50,3,Driver,Normal,Not a Pedestrian,Changing lane to the right
16:31:00,Wednesday,31-50,Male,Junior high school,Employee,Below 1yr,Lorry (41?100Q),Owner,No defect,Office areas,Two-way (divided with broken lines road marking),Tangent road with flat terrain,No junction,Asphalt roads,Dry,Daylight,Normal,Vehicle with vehicle collision,3,1,Going straight,Driver or rider,Male,18-30,3,Driver,Normal,Not a Pedestrian,Overtaking
22:40:00,Sunday,31-50,Male,Junior high school,Owner,2-5yr,Automobile,Owner,No defect,Residential areas,Undivided Two way,Steep grade downward with mountainous terrain,No junction,Asphalt roads,Dry,Darkness - lights lit,Normal,Vehicle with vehicle collision,3,2,Getting off,Pedestrian,Male,31-50,3,Driver,Normal,Not a Pedestrian,Moving Backward
8:04:00,Thursday,Over 51,Male,Junior high school,Owner,2-5yr,Automobile,Owner,No defect,Office areas,Two-way (divided with broken lines road marking),Tangent road with flat terrain,No junction,Asphalt roads,Dry,Daylight,Normal,Collision with roadside objects,2,2,Going straight,Pedestrian,Male,Over 51,1,Employee,Normal,Crossing from nearside - masked by parked or statioNot a Pedestrianry vehicle,Changing lane to the left
0:25:00,Sunday,31-50,Male,Junior high school,Owner,Below 1yr,Pick up upto 10Q,Owner,No defect,Office areas,Undivided Two way,Tangent road with flat terrain,Y Shape,Asphalt roads,Dry,Daylight,Normal,Vehicle with vehicle collision,2,1,Moving Backward,na,na,na,na,Driver,Normal,Not a Pedestrian,No distancing
12:45:00,Saturday,18-30,Male,Elementary school,Employee,Below 1yr,Lorry (41?100Q),Owner,No defect,Other,Undivided Two way,Tangent road with flat terrain,Crossing,Asphalt roads,Dry,Daylight,Normal,Vehicle with vehicle collision,1,2,Going straight,Driver or rider,Male,Under 18,3,Driver,Normal,Not a Pedestrian,Moving Backward
20:46:00,Saturday,18-30,Male,Junior high school,Employee,Below 1yr,Stationwagen,Owner,No defect,Office areas,Two-way (divided with broken lines road marking),Tangent road with flat terrain,Y Shape,Asphalt roads,Dry,Darkness - lights lit,Normal,Vehicle with vehicle collision,2,2,Stopping,Passenger,Female,Under 18,3,Driver,Normal,Not a Pedestrian,Changing lane to the right
10:20:00,Sunday,Over 51,Male,Junior high school,Employee,Above 10yr,Lorry (41?100Q),Owner,No defect,  Recreational areas,Undivided Two way,Tangent road with flat terrain,Y Shape,Asphalt roads,Dry,Daylight,Normal,Vehicle with vehicle collision,2,3,Going straight,Passenger,Female,Over 51,3,Driver,Normal,Not a Pedestrian,Changing lane to the left
16:53:00,Wednesday,18-30,Male,Elementary school,Employee,Below 1yr,Automobile,Owner,No defect,School areas,other,Tangent road with flat terrain,Y Shape,Asphalt roads,Dry,Darkness - lights lit,Normal,Vehicle with vehicle collision,1,1,Going straight,Driver or rider,Male,31-50,3,Driver,Normal,Not a Pedestrian,No distancing
8:52:00,Wednesday,31-50,Male,Junior high school,Employee,Below 1yr,Other,Owner,No defect, Church areas,Two-way (divided with broken lines road marking),Tangent road with flat terrain,No junction,Gravel roads,Wet or damp,Daylight,Other,Collision with animals,3,2,Going straight,na,na,na,na,Driver,Normal,Not a Pedestrian,Driving carelessly
10:25:00,Sunday,18-30,Male,Junior high school,Employee,Above 10yr,Automobile,Owner,No defect,Office areas,One way,Tangent road with mild grade and flat terrain,No junction,Asphalt roads,Dry,Daylight,Normal,Collision with roadside objects,2,4,Going straight,Driver or rider,Male,18-30,3,Driver,Normal,Not a Pedestrian,Changing lane to the right
17:02:00,Monday,31-50,Male,Elementary school,Employee,5-10yr,Public (12 seats),Owner,No defect, Church areas,Double carriageway (median),Tangent road with flat terrain,No junction,Asphalt roads,Dry,Daylight,Normal,Vehicle with vehicle collision,3,2,Other,Driver or rider,Female,18-30,3,Driver,Normal,Not a Pedestrian,No distancing
15:36:00,Tuesday,Under 18,Male,Junior high school,Employee,5-10yr,Other,Owner,No defect,Office areas,Two-way (divided with broken lines road marking),Sharp reverse curve,Crossing,Asphalt roads,Dry,Daylight,Normal,Collision with roadside objects,2,1,Other,Driver or rider,Female,18-30,3,Self-employed,Normal,Not a Pedestrian,Moving Backward
16:00:00,Friday,31-50,Male,Junior high school,Employee,Below 1yr,Pick up upto 10Q,Governmental,No defect,School areas,Two-way (divided with broken lines road marking),Tangent road with flat terrain,Y Shape,Asphalt roads,Dry,Daylight,Normal,Collision with roadside objects,3,1,Going straight,na,na,na,na,Self-employed,Normal,Not a Pedestrian,Overtaking
14:00:00,Sunday,31-50,Male,Junior high school,Employee,Above 10yr,Lorry (41?100Q),Owner,No defect,Office areas,Undivided Two way,Tangent road with flat terrain,No junction,Asphalt roads,Dry,Daylight,Normal,Vehicle with vehicle collision,1,1,Going straight,Driver or rider,Female,18-30,3,Self-employed,Normal,Not a Pedestrian,No priority to pedestrian
23:18:00,Friday,18-30,Male,Junior high school,Employee,1-2yr,Lorry (41?100Q),Owner,No defect,Office areas,Double carriageway (median),Tangent road with flat terrain,Crossing,Asphalt roads,Dry,Darkness - lights lit,Normal,Vehicle with vehicle collision,2,3,Going straight,na,na,na,na,Self-employed,Normal,Not a Pedestrian,Changing lane to the left
18:05:00,Thursday,31-50,Male,Junior high school,Employee,Below 1yr,Stationwagen,Owner,No defect,Office areas,Undivided Two way,Tangent road with flat terrain,No junction,Asphalt roads,Dry,Daylight,Normal,Vehicle with vehicle collision,3,1,Going straight,na,na,na,na,Self-employed,Normal,Not a Pedestrian,No distancing
18:39:00,Friday,Under 18,Male,Junior high school,Employee,Above 10yr,Automobile,Owner,No defect,Office areas,Double carriageway (median),Tangent road with flat terrain,No junction,Asphalt roads,Wet or damp,Darkness - lights lit,Raining,Vehicle with vehicle collision,2,1,Going straight,na,na,na,na,Driver,Normal,Not a Pedestrian,Changing lane to the left
16:10:00,Monday,31-50,Male,Junior high school,Employee,Above 10yr,Automobile,Owner,No defect,Residential areas,Undivided Two way,Tangent road with flat terrain,Crossing,Asphalt roads,Wet or damp,Daylight,Raining,Vehicle with vehicle collision,2,2,Going straight,Driver or rider,Female,31-50,2,Employee,Normal,Not a Pedestrian,Driving carelessly
9:00:00,Friday,Unknown,Female,Elementary school,Employee,5-10yr,Public (12 seats),Governmental,No defect,Other,Undivided Two way,Tangent road with flat terrain,No junction,Asphalt roads,Dry,Daylight,Normal,Vehicle with vehicle collision,1,1,Going straight,Pedestrian,Male,5,3,Self-employed,Normal,Crossing from nearside - masked by parked or statioNot a Pedestrianry vehicle,No priority to pedestrian
10:16:00,Thursday,Under 18,Male,Writing & reading,Employee,Below 1yr,Lorry (41?100Q),Owner,No defect,Other,Undivided Two way,Tangent road with flat terrain,Other,Asphalt roads,Dry,Daylight,Normal,Collision with roadside objects,2,1,Reversing,Driver or rider,Male,18-30,3,Unemployed,Normal,Not a Pedestrian,No distancing
9:35:00,Monday,31-50,Male,Junior high school,Employee,Below 1yr,Other,Owner,No defect,Other,other,Tangent road with flat terrain,Y Shape,Asphalt roads,Dry,Daylight,Normal,Vehicle with vehicle collision,2,1,Going straight,Pedestrian,Female,Over 51,3,Other,Normal,Not a Pedestrian,Driving carelessly
3:29:00,Tuesday,Unknown,Male,Elementary school,Employee,5-10yr,Automobile,Owner,No defect,Residential areas,Two-way (divided with broken lines road marking),Tangent road with flat terrain,No junction,Asphalt roads,Wet or damp,Darkness - no lighting,Windy,Vehicle with vehicle collision,2,2,Getting off,na,na,na,na,Driver,Normal,Not a Pedestrian,Changing lane to the left
7:25:00,Wednesday,18-30,Male,Junior high school,Owner,Above 10yr,Lorry (11?40Q),Owner,No defect,Other,Undivided Two way,Tangent road with flat terrain,Y Shape,Asphalt roads,Dry,Daylight,Normal,Vehicle with vehicle collision,3,2,Going straight,Driver or rider,Male,18-30,3,Self-employed,Normal,Not a Pedestrian,Other
11:45:00,Sunday,18-30,Male,Junior high school,Employee,1-2yr,Lorry (41?100Q),Governmental,No defect,Residential areas,other,Steep grade downward with mountainous terrain,No junction,Asphalt roads,Dry,Daylight,Normal,Vehicle with vehicle collision,2,3,Going straight,Pedestrian,Female,18-30,3,Driver,Normal,Not a Pedestrian,No distancing
12:00:00,Wednesday,Unknown,Male,Elementary school,Employee,Above 10yr,Public (13?45 seats),Owner,No defect,Office areas,Two-way (divided with broken lines road marking),Tangent road with flat terrain,Y Shape,Asphalt roads,Dry,Daylight,Normal,Collision with roadside objects,2,1,Moving Backward,na,na,na,na,Self-employed,Normal,Not a Pedestrian,Changing lane to the right
12:51:00,Thursday,31-50,Male,High school,Owner,5-10yr,Automobile,Owner,No defect,Other,Undivided Two way,Tangent road with flat terrain,Y Shape,Asphalt roads,Dry,Daylight,Normal,Collision with animals,2,1,Going straight,na,na,na,na,Driver,Normal,Not a Pedestrian,No distancing
18:30:00,Wednesday,31-50,Male,Junior high school,Employee,Below 1yr,Lorry (41?100Q),Owner,No defect,Other,Two-way (divided with broken lines road marking),Tangent road with flat terrain,No junction,Asphalt roads,Dry,Daylight,Normal,Vehicle with vehicle collision,2,1,Going straight,Pedestrian,Male,31-50,3,Driver,Normal,Crossing from nearside - masked by parked or statioNot a Pedestrianry vehicle,Overloading
10:44:00,Friday,31-50,Male,Junior high school,Employee,2-5yr,Other,Owner,No defect,Office areas,Double carriageway (median),Tangent road with flat terrain,No junction,Asphalt roads,Dry,Daylight,Normal,Collision with roadside objects,6,1,Going straight,na,na,na,na,Driver,Normal,Not a Pedestrian,Overtaking
18:35:00,Sunday,18-30,Male,Elementary school,Employee,1-2yr,Lorry (11?40Q),Owner,No defect,Other,Undivided Two way,Tangent road with flat terrain,Y Shape,Asphalt roads with some distress,Dry,Darkness - lights lit,Normal,Collision with roadside objects,1,1,Moving Backward,na,na,na,na,Self-employed,Normal,Not a Pedestrian,Changing lane to the right
1:59:00,Monday,Unknown,Male,High school,Employee,5-10yr,Public (> 45 seats),Owner,No defect,Office areas,Undivided Two way,Tangent road with flat terrain,Y Shape,Asphalt roads,Wet or damp,Darkness - lights lit,Cloudy,Vehicle with vehicle collision,2,1,Going straight,na,na,na,na,Driver,Normal,Not a Pedestrian,Driving carelessly
22:10:00,Thursday,18-30,Unknown,Junior high school,Employee,Below 1yr,Stationwagen,Owner,No defect,Office areas,Undivided Two way,Tangent road with flat terrain,Crossing,Asphalt roads,Wet or damp,Darkness - lights lit,Raining,Vehicle with vehicle collision,3,2,Going straight,Driver or rider,Female,18-30,3,Self-employed,Normal,Not a Pedestrian,Driving carelessly
16:47:00,Monday,31-50,Male,Junior high school,Employee,2-5yr,Lorry (41?100Q),Governmental,No defect,Residential areas,other,Tangent road with flat terrain,Crossing,Asphalt roads,Dry,Daylight,Normal,Vehicle with vehicle collision,2,1,Reversing,Passenger,Female,Under 18,3,Self-employed,Normal,Not a Pedestrian,Other
8:35:00,Wednesday,18-30,Male,Junior high school,Employee,5-10yr,Pick up upto 10Q,Owner,No defect,Office areas,Two-way (divided with broken lines road marking),Tangent road with flat terrain,Y Shape,Asphalt roads,Dry,Daylight,Normal,Collision with pedestrians,1,1,Going straight,na,na,na,na,Driver,Deaf,Not a Pedestrian,Changing lane to the right
19:00:00,Monday,31-50,Male,High school,Owner,5-10yr,Automobile,Owner,No defect,Office areas,Two-way (divided with broken lines road marking),Tangent road with mild grade and flat terrain,Crossing,Asphalt roads,Dry,Daylight,Normal,Collision with roadside objects,2,1,Other,Driver or rider,Male,Under 18,3,Driver,Normal,Not a Pedestrian,No priority to vehicle
17:46:00,Thursday,Over 51,Male,Elementary school,Employee,2-5yr,Automobile,Owner,No defect,Office areas,Two-way (divided with broken lines road marking),Tangent road with mild grade and flat terrain,Y Shape,Asphalt roads,Dry,Daylight,Normal,Vehicle with vehicle collision,2,1,U-Turn,Pedestrian,Female,18-30,3,Driver,Normal,Not a Pedestrian,No distancing
17:10:00,Tuesday,31-50,Male,Junior high school,Employee,5-10yr,Other,Owner,No defect,Residential areas,other,Tangent road with flat terrain,No junction,Asphalt roads,Dry,Daylight,Normal,Collision with roadside objects,1,1,Going straight,Driver or rider,Male,31-50,3,Driver,Normal,Not a Pedestrian,Changing lane to the right
13:00:00,Tuesday,Under 18,Male,Elementary school,Employee,2-5yr,Automobile,Owner,No defect,  Recreational areas,other,Tangent road with flat terrain,Y Shape,Asphalt roads,Dry,Daylight,Normal,Vehicle with vehicle collision,2,1,Going straight,Driver or rider,Female,18-30,3,Driver,Normal,Not a Pedestrian,No priority to pedestrian
15:35:00,Tuesday,31-50,Male,Junior high school,Employee,2-5yr,Lorry (41?100Q),Owner,No defect, Church areas,other,Tangent road with flat terrain,Y Shape,Asphalt roads,Dry,Daylight,Normal,Vehicle with vehicle collision,2,1,Going straight,na,na,na,na,Other,Normal,Not a Pedestrian,No priority to pedestrian
21:50:00,Thursday,31-50,Male,Elementary school,Employee,1-2yr,Other,Owner,No defect,Office areas,Two-way (divided with broken lines road marking),Tangent road with flat terrain,Y Shape,Asphalt roads,Dry,Darkness - lights lit,Normal,Vehicle with vehicle collision,1,1,Other,Driver or rider,Male,31-50,3,Other,Normal,Not a Pedestrian,No distancing
15:08:00,Monday,18-30,Male,Junior high school,Employee,Above 10yr,Automobile,Owner,No defect,  Market areas,other,Steep grade downward with mountainous terrain,Y Shape,Asphalt roads,Dry,Daylight,Unknown,Collision with pedestrians,3,4,Going straight,na,na,na,na,Driver,Normal,Not a Pedestrian,Driving under the influence of drugs
19:00:00,Tuesday,18-30,Male,Junior high school,Owner,Below 1yr,Stationwagen,Owner,No defect,Office areas,Undivided Two way,Tangent road with flat terrain,Y Shape,Asphalt roads,Dry,Daylight,Normal,Vehicle with vehicle collision,2,1,Going straight,Driver or rider,Male,18-30,3,Driver,Normal,Not a Pedestrian,No distancing
15:00:00,Thursday,31-50,Male,Elementary school,Employee,5-10yr,Automobile,Owner,No defect,Residential areas,Undivided Two way,Tangent road with mild grade and flat terrain,No junction,Asphalt roads,Dry,Daylight,Normal,Vehicle with vehicle collision,2,1,Going straight,Passenger,Female,5,3,Driver,Normal,Not a Pedestrian,No priority to vehicle
3:42:00,Wednesday,Unknown,Male,High school,Employee,Above 10yr,Other,Owner,No defect,Other,Two-way (divided with broken lines road marking),Tangent road with flat terrain,No junction,Asphalt roads,Dry,Darkness - lights lit,Normal,Vehicle with vehicle collision,1,1,Moving Backward,Driver or rider,Male,31-50,3,Driver,Normal,Not a Pedestrian,Driving carelessly
23:35:00,Saturday,Under 18,Male,Junior high school,Employee,5-10yr,Pick up upto 10Q,Owner,No defect, Church areas,Two-way (divided with solid lines road marking),Tangent road with flat terrain,Crossing,Asphalt roads,Dry,Darkness - lights lit,Normal,Vehicle with vehicle collision,3,5,Entering a junction,Driver or rider,Male,31-50,3,Self-employed,Normal,Not a Pedestrian,No distancing
7:40:00,Monday,18-30,Unknown,Junior high school,Employee,Below 1yr,Lorry (11?40Q),Owner,No defect,Residential areas,Undivided Two way,Tangent road with flat terrain,Y Shape,Asphalt roads,Dry,Daylight,Normal,Vehicle with vehicle collision,2,1,Going straight,Driver or rider,Female,31-50,3,Driver,Normal,Not a Pedestrian,Changing lane to the right
5:24:00,Friday,31-50,Male,Junior high school,Employee,2-5yr,Lorry (41?100Q),Owner,No defect,School areas,other,Steep grade downward with mountainous terrain,No junction,Asphalt roads,Wet or damp,Darkness - no lighting,Normal,Vehicle with vehicle collision,1,1,Going straight,Driver or rider,Male,Over 51,3,Driver,Normal,Not a Pedestrian,Moving Backward
13:10:00,Saturday,31-50,Male,Junior high school,Employee,2-5yr,Lorry (41?100Q),Owner,No defect,Other,Two-way (divided with broken lines road marking),Tangent road with flat terrain,Y Shape,Asphalt roads,Dry,Daylight,Normal,Vehicle with vehicle collision,3,3,Other,na,na,na,na,Employee,Normal,Not a Pedestrian,No distancing
14:50:00,Saturday,Over 51,Male,Junior high school,Employee,5-10yr,Public (12 seats),Owner,No defect,Office areas,One way,Tangent road with flat terrain,Crossing,Gravel roads,Dry,Daylight,Normal,Vehicle with vehicle collision,4,2,Going straight,Driver or rider,Male,18-30,2,Self-employed,Normal,Not a Pedestrian,Moving Backward
8:03:00,Monday,31-50,Male,Junior high school,Employee,1-2yr,Automobile,Governmental,No defect,Office areas,Two-way (divided with broken lines road marking),Tangent road with flat terrain,No junction,Asphalt roads,Dry,Daylight,Normal,Collision with roadside objects,2,1,Going straight,Driver or rider,Female,31-50,3,Driver,Normal,Not a Pedestrian,No distancing
8:00:00,Tuesday,31-50,Male,High school,Employee,2-5yr,Public (> 45 seats),Owner,No defect,Residential areas,Two-way (divided with broken lines road marking),Tangent road with flat terrain,Other,Asphalt roads,Dry,Daylight,Normal,Vehicle with vehicle collision,2,1,Going straight,Pedestrian,Male,31-50,3,Self-employed,Normal,Not a Pedestrian,Changing lane to the right
12:30:00,Saturday,18-30,Male,Junior high school,Employee,5-10yr,Other,Organization,No defect,Other,Undivided Two way,Tangent road with flat terrain,Crossing,Asphalt roads,Wet or damp,Daylight,Raining,Vehicle with vehicle collision,2,2,Other,na,na,na,na,Driver,Normal,Not a Pedestrian,Driving carelessly
18:41:00,Friday,Over 51,Male,Junior high school,Employee,2-5yr,Automobile,Governmental,No defect,Other,Two-way (divided with broken lines road marking),Tangent road with flat terrain,No junction,Asphalt roads,Dry,Darkness - lights lit,Normal,Vehicle with vehicle collision,2,1,Moving Backward,na,na,na,na,Self-employed,Normal,Not a Pedestrian,No distancing
18:30:00,Wednesday,Under 18,Male,Junior high school,Employee,1-2yr,Lorry (41?100Q),Owner,No defect,Office areas,Two-way (divided with broken lines road marking),Tangent road with flat terrain,No junction,Asphalt roads,Dry,Daylight,Normal,Vehicle with vehicle collision,3,1,Getting off,Driver or rider,Male,18-30,3,Driver,Normal,Not a Pedestrian,Changing lane to the right
19:27:00,Monday,18-30,Male,Junior high school,Employee,Below 1yr,Automobile,Owner,No defect, Church areas,Two-way (divided with broken lines road marking),Tangent road with mild grade and flat terrain,Crossing,Asphalt roads,Dry,Darkness - lights lit,Unknown,Vehicle with vehicle collision,2,1,Turnover,na,na,na,na,Driver,Normal,Not a Pedestrian,No distancing
16:56:00,Friday,Over 51,Male,Junior high school,Employee,Above 10yr,Automobile,Organization,No defect,Other,Two-way (divided with broken lines road marking),Tangent road with flat terrain,No junction,Asphalt roads,Wet or damp,Daylight,Raining,Vehicle with vehicle collision,3,2,Going straight,Pedestrian,Female,18-30,2,Driver,Normal,Not a Pedestrian,Driving under the influence of drugs
18:55:00,Sunday,Under 18,Male,Junior high school,Employee,1-2yr,Automobile,Owner,No defect,Residential areas,Two-way (divided with broken lines road marking),Tangent road with flat terrain,No junction,Asphalt roads,Wet or damp,Daylight,Normal,Vehicle with vehicle collision,1,4,Going straight,Driver or rider,Female,31-50,3,Self-employed,Normal,Not a Pedestrian,Moving Backward
8:06:00,Tuesday,18-30,Male,Junior high school,Employee,1-2yr,Public (> 45 seats),Governmental,No defect,Office areas,Two-way (divided with broken lines road marking),Tangent road with flat terrain,No junction,Asphalt roads,Dry,Daylight,Normal,Collision with pedestrians,1,1,Moving Backward,na,na,na,na,Driver,Normal,Not a Pedestrian,No distancing
7:47:00,Monday,31-50,Male,Elementary school,Employee,Above 10yr,Automobile,Owner,No defect,Other,other,Tangent road with flat terrain,No junction,Asphalt roads,Dry,Daylight,Normal,Collision with pedestrians,2,1,Going straight,na,na,na,na,Driver,Normal,Not a Pedestrian,Changing lane to the left
12:05:00,Thursday,18-30,Male,Junior high school,Employee,5-10yr,Automobile,Owner,No defect,Residential areas,Undivided Two way,Tangent road with flat terrain,Crossing,Asphalt roads,Dry,Daylight,Normal,Vehicle with vehicle collision,2,2,Going straight,Pedestrian,Male,18-30,3,Driver,Normal,Unknown or other,Moving Backward
20:50:00,Friday,Over 51,Male,Junior high school,Employee,2-5yr,Automobile,Governmental,No defect,Residential areas,other,Tangent road with flat terrain,Y Shape,Asphalt roads,Dry,Darkness - lights lit,Normal,Collision with roadside objects,1,1,Going straight,na,na,na,na,Driver,Normal,Not a Pedestrian,No priority to vehicle
15:29:00,Wednesday,Over 51,Male,Junior high school,Employee,1-2yr,Lorry (11?40Q),Owner,No defect,  Recreational areas,other,Tangent road with flat terrain,Crossing,Asphalt roads,Dry,Daylight,Normal,Vehicle with vehicle collision,1,1,Reversing,Passenger,Female,31-50,3,Self-employed,Normal,Not a Pedestrian,No priority to vehicle
20:16:00,Sunday,31-50,Male,High school,Employee,Above 10yr,Pick up upto 10Q,Governmental,No defect,Residential areas,Undivided Two way,Tangent road with flat terrain,No junction,Asphalt roads,Dry,Darkness - lights lit,Normal,Vehicle with vehicle collision,2,2,Going straight,Driver or rider,Male,31-50,2,Other,Normal,Not a Pedestrian,Moving Backward
17:10:00,Thursday,Under 18,Male,Elementary school,Owner,Above 10yr,Public (13?45 seats),Governmental,No defect,Residential areas,Undivided Two way,Tangent road with flat terrain,Other,Asphalt roads,Wet or damp,Darkness - lights lit,Other,Collision with roadside objects,2,1,Going straight,na,na,na,na,Driver,Normal,Not a Pedestrian,No distancing
9:00:00,Sunday,Unknown,Female,Elementary school,Other,5-10yr,Public (> 45 seats),Owner,No defect,Office areas,Undivided Two way,Tangent road with flat terrain,Y Shape,Asphalt roads,Dry,Daylight,Normal,Vehicle with vehicle collision,2,1,Moving Backward,Driver or rider,Male,18-30,3,Driver,Normal,Not a Pedestrian,Changing lane to the right
9:48:00,Thursday,Over 51,Male,Junior high school,Employee,5-10yr,Automobile,Owner,No defect,Office areas,Double carriageway (median),Tangent road with flat terrain,Y Shape,Asphalt roads,Wet or damp,Daylight,Normal,Vehicle with vehicle collision,2,1,Going straight,Driver or rider,Male,Under 18,3,Driver,Normal,Not a Pedestrian,No distancing
8:55:00,Monday,31-50,Male,Elementary school,Employee,5-10yr,Automobile,Owner,No defect,Other,Double carriageway (median),Tangent road with mild grade and flat terrain,No junction,Asphalt roads,Dry,Daylight,Normal,Vehicle with vehicle collision,2,1,Going straight,na,na,na,na,Driver,Normal,Not a Pedestrian,Driving carelessly